ticket_id,title,description,category,priority,assignee_id
1,Сломался компьютер,Оборудование не отвечает,hardware,critical,43
2,Ошибка подключения,Проблемы с Wi-Fi,network,low,46
3,Ошибка в программе,Ошибка при выполнении,software,critical,45
4,Сброс пароля,Ошибка при входе в систему,access,medium,41
5,Блокировка аккаунта,Проблемы с доступом к аккаунту,accounts,high,47
6,Не работает ПО,Ошибка при выполнении,software,critical,45
7,Несанкционированный доступ,Попытка несанкционированного доступа,security,low,40
8,Авторизация,Ошибка при входе в систему,access,critical,41
9,Профилактика,Необходимо обновить ПО,maintenance,medium,44
10,Неопределенная ошибка,Ошибка без подробного описания,undefined,critical,42
11,Проблемы с монитором,Аппаратная ошибка,hardware,low,43
12,Проблемы с доступом,Проблемы с двухфакторной аутентификацией,access,high,41
13,Не работает принтер,Аппаратная ошибка,hardware,medium,43
14,Подозрительная активность,Попытка несанкционированного доступа,security,high,40
15,Блокировка аккаунта,Проблемы с доступом к аккаунту,accounts,medium,47
16,Проблемы с доступом,Ошибка при входе в систему,access,low,41
17,Не работает принтер,Аппаратная ошибка,hardware,low,43
18,Проверка оборудования,Требуется плановая проверка,maintenance,critical,44
19,Сломался компьютер,Оборудование не отвечает,hardware,low,43
20,Неопределенная ошибка,Ошибка без подробного описания,undefined,critical,42
21,Несанкционированный доступ,Попытка несанкционированного доступа,security,high,40
22,Ошибка подключения,Проблемы с Wi-Fi,network,medium,46
23,Не работает принтер,Устройство не включается,hardware,high,43
24,Авторизация,Проблемы с двухфакторной аутентификацией,access,low,41
25,Проблемы с учетной записью,Проблемы с доступом к аккаунту,accounts,high,47
26,Нет интернета,Не работает интернет,network,high,46
27,Обновление системы,Запуск диагностики,maintenance,medium,44
28,Проблемы с безопасностью,Обнаружена подозрительная активность,security,high,40
29,Сломался компьютер,Устройство не включается,hardware,high,43
30,Неопределенная ошибка,Ошибка без подробного описания,undefined,low,42
31,Сломался компьютер,Устройство не включается,hardware,high,43
32,Проблемы с доступом,Не удается сбросить пароль,access,low,41
33,Ошибка в программе,Не удается установить обновление,software,low,45
34,Ошибка подключения,Не работает интернет,network,high,46
35,Несанкционированный доступ,Проблемы с настройками безопасности,security,critical,40
36,Обновление системы,Запуск диагностики,maintenance,low,44
37,Сломался компьютер,Оборудование не отвечает,hardware,high,43
38,Проблемы с сетью,Ошибка сетевого подключения,network,high,46
39,Не работает ПО,Программа не запускается,software,high,45
40,Неопределенная ошибка,Ошибка без подробного описания,undefined,critical,42
41,Не работает принтер,Устройство не включается,hardware,high,43
42,Проблемы с безопасностью,Попытка несанкционированного доступа,security,critical,40
43,Не работает принтер,Аппаратная ошибка,hardware,critical,43
44,Проблемы с доступом,Проблемы с двухфакторной аутентификацией,access,medium,41
45,Проверка оборудования,Запуск диагностики,maintenance,high,44
46,Нет интернета,Ошибка сетевого подключения,network,low,46
47,Проблемы с монитором,Устройство не включается,hardware,high,43
48,Проблемы с доступом,Ошибка при входе в систему,access,medium,41
49,Проблемы с безопасностью,Проблемы с настройками безопасности,security,critical,40
50,Неопределенная ошибка,Ошибка без подробного описания,undefined,critical,42
51,Проблемы с приложением,Ошибка при выполнении,software,high,45
52,Проблемы с доступом,Ошибка при входе в систему,access,high,41
53,Проблемы с монитором,Устройство не включается,hardware,high,43
54,Профилактика,Запуск диагностики,maintenance,medium,44
55,Блокировка аккаунта,Проблемы с доступом к аккаунту,accounts,low,47
56,Несанкционированный доступ,Попытка несанкционированного доступа,security,critical,40
57,Не работает ПО,Ошибка при выполнении,software,critical,45
58,Нет интернета,Проблемы с Wi-Fi,network,medium,46
59,Проблемы с монитором,Оборудование не отвечает,hardware,medium,43
60,Неопределенная ошибка,Ошибка без подробного описания,undefined,critical,42
61,Проблемы с монитором,Аппаратная ошибка,hardware,critical,43
62,Нет интернета,Не работает интернет,network,high,46
63,Обновление системы,Необходимо обновить ПО,maintenance,medium,44
64,Проблемы с доступом,Ошибка при входе в систему,access,high,41
65,Проблемы с учетной записью,Аккаунт заблокирован,accounts,medium,47
66,Ошибка в программе,Не удается установить обновление,software,low,45
67,Проблемы с монитором,Устройство не включается,hardware,high,43
68,Проблемы с доступом,Не удается сбросить пароль,access,critical,41
69,Не работает ПО,Не удается установить обновление,software,high,45
70,Неопределенная ошибка,Ошибка без подробного описания,undefined,medium,42
71,Не работает принтер,Аппаратная ошибка,hardware,medium,43
72,Профилактика,Необходимо обновить ПО,maintenance,critical,44
73,Не работает принтер,Аппаратная ошибка,hardware,low,43
74,Проблемы с сетью,Проблемы с Wi-Fi,network,critical,46
75,Проблемы с учетной записью,Аккаунт заблокирован,accounts,high,47
76,Авторизация,Ошибка при входе в систему,access,critical,41
77,Несанкционированный доступ,Обнаружена подозрительная активность,security,high,40
78,Ошибка в программе,Ошибка при выполнении,software,critical,45
79,Проблемы с монитором,Оборудование не отвечает,hardware,high,43
80,Неопределенная ошибка,Ошибка без подробного описания,undefined,low,42
81,Профилактика,Требуется плановая проверка,maintenance,high,44
82,Проблемы с сетью,Ошибка сетевого подключения,network,critical,46
83,Не работает принтер,Оборудование не отвечает,hardware,critical,43
84,Проблемы с безопасностью,Попытка несанкционированного доступа,security,high,40
85,Проблемы с учетной записью,Аккаунт заблокирован,accounts,medium,47
86,Проблемы с сетью,Ошибка сетевого подключения,network,medium,46
87,Не работает ПО,Программа не запускается,software,high,45
88,Авторизация,Проблемы с двухфакторной аутентификацией,access,medium,41
89,Проблемы с монитором,Аппаратная ошибка,hardware,high,43
90,Неопределенная ошибка,Ошибка без подробного описания,undefined,critical,42
91,Подозрительная активность,Проблемы с настройками безопасности,security,critical,40
92,Авторизация,Проблемы с двухфакторной аутентификацией,access,medium,41
93,Ошибка в программе,Не удается установить обновление,software,high,45
94,Проблемы с сетью,Не работает интернет,network,high,46
95,Создание нового аккаунта,Проблемы с доступом к аккаунту,accounts,critical,47
96,Проблемы с доступом,Ошибка при входе в систему,access,medium,41
97,Сломался компьютер,Аппаратная ошибка,hardware,low,43
98,Подозрительная активность,Проблемы с настройками безопасности,security,critical,40
99,Обновление системы,Требуется плановая проверка,maintenance,critical,44
100,Неопределенная ошибка,Ошибка без подробного описания,undefined,low,42
101,Не работает принтер,Оборудование не отвечает,hardware,critical,43
102,Ошибка в программе,Ошибка при выполнении,software,high,45
103,Не работает принтер,Устройство не включается,hardware,high,43
104,Авторизация,Проблемы с двухфакторной аутентификацией,access,low,41
105,Несанкционированный доступ,Попытка несанкционированного доступа,security,high,40
106,Нет интернета,Не работает интернет,network,high,46
107,Сломался компьютер,Оборудование не отвечает,hardware,medium,43
108,Проверка оборудования,Запуск диагностики,maintenance,low,44
109,Проблемы с монитором,Устройство не включается,hardware,high,43
110,Неопределенная ошибка,Ошибка без подробного описания,undefined,critical,42
111,Ошибка в программе,Не удается установить обновление,software,medium,45
112,Проблемы с безопасностью,Попытка несанкционированного доступа,security,critical,40
113,Не работает принтер,Устройство не включается,hardware,high,43
114,Ошибка в программе,Программа не запускается,software,medium,45
115,Создание нового аккаунта,Аккаунт заблокирован,accounts,low,47
116,Сброс пароля,Не удается сбросить пароль,access,critical,41
117,Обновление системы,Запуск диагностики,maintenance,high,44
118,Ошибка подключения,Проблемы с Wi-Fi,network,critical,46
119,Проблемы с безопасностью,Попытка несанкционированного доступа,security,low,40
120,Неопределенная ошибка,Ошибка без подробного описания,undefined,low,42
121,Сломался компьютер,Оборудование не отвечает,hardware,low,43
122,Ошибка подключения,Ошибка сетевого подключения,network,high,46
123,Не работает ПО,Ошибка при выполнении,software,medium,45
124,Сброс пароля,Не удается сбросить пароль,access,medium,41
125,Блокировка аккаунта,Не удается создать учетную запись,accounts,medium,47
126,Профилактика,Требуется плановая проверка,maintenance,medium,44
127,Не работает принтер,Оборудование не отвечает,hardware,high,43
128,Сброс пароля,Проблемы с двухфакторной аутентификацией,access,critical,41
129,Не работает ПО,Ошибка при выполнении,software,low,45
130,Неопределенная ошибка,Ошибка без подробного описания,undefined,high,42
131,Сломался компьютер,Аппаратная ошибка,hardware,high,43
132,Проблемы с доступом,Не удается сбросить пароль,access,medium,41
133,Проблемы с безопасностью,Попытка несанкционированного доступа,security,high,40
134,Нет интернета,Проблемы с Wi-Fi,network,high,46
135,Проверка оборудования,Необходимо обновить ПО,maintenance,high,44
136,Авторизация,Ошибка при входе в систему,access,low,41
137,Сломался компьютер,Оборудование не отвечает,hardware,low,43
138,Ошибка в программе,Ошибка при выполнении,software,high,45
139,Сломался компьютер,Аппаратная ошибка,hardware,medium,43
140,Неопределенная ошибка,Ошибка без подробного описания,undefined,critical,42
141,Ошибка в программе,Ошибка при выполнении,software,critical,45
142,Нет интернета,Проблемы с Wi-Fi,network,high,46
143,Не работает принтер,Оборудование не отвечает,hardware,low,43
144,Профилактика,Требуется плановая проверка,maintenance,medium,44
145,Блокировка аккаунта,Аккаунт заблокирован,accounts,critical,47
146,Проблемы с сетью,Не работает интернет,network,high,46
147,Подозрительная активность,Обнаружена подозрительная активность,security,critical,40
148,Проблемы с доступом,Ошибка при входе в систему,access,critical,41
149,Проблемы с монитором,Устройство не включается,hardware,high,43
150,Неопределенная ошибка,Ошибка без подробного описания,undefined,critical,42
151,Сломался компьютер,Аппаратная ошибка,hardware,low,43
152,Сброс пароля,Проблемы с двухфакторной аутентификацией,access,low,41
153,Профилактика,Запуск диагностики,maintenance,medium,44
154,Проблемы с безопасностью,Обнаружена подозрительная активность,security,low,40
155,Создание нового аккаунта,Не удается создать учетную запись,accounts,critical,47
156,Сброс пароля,Ошибка при входе в систему,access,critical,41
157,Не работает принтер,Аппаратная ошибка,hardware,medium,43
158,Проблемы с сетью,Ошибка сетевого подключения,network,critical,46
159,Ошибка в программе,Ошибка при выполнении,software,medium,45
160,Неопределенная ошибка,Ошибка без подробного описания,undefined,high,42
161,Подозрительная активность,Проблемы с настройками безопасности,security,critical,40
162,Профилактика,Необходимо обновить ПО,maintenance,high,44
163,Проблемы с монитором,Устройство не включается,hardware,high,43
164,Авторизация,Проблемы с двухфакторной аутентификацией,access,critical,41
165,Проблемы с учетной записью,Проблемы с доступом к аккаунту,accounts,high,47
166,Нет интернета,Ошибка сетевого подключения,network,medium,46
167,Не работает принтер,Аппаратная ошибка,hardware,low,43
168,Несанкционированный доступ,Попытка несанкционированного доступа,security,critical,40
169,Проблемы с монитором,Оборудование не отвечает,hardware,medium,43
170,Неопределенная ошибка,Ошибка без подробного описания,undefined,critical,42
171,Проверка оборудования,Запуск диагностики,maintenance,critical,44
172,Сброс пароля,Проблемы с двухфакторной аутентификацией,access,low,41
173,Не работает принтер,Аппаратная ошибка,hardware,low,43
174,Ошибка в программе,Ошибка при выполнении,software,medium,45
175,Несанкционированный доступ,Обнаружена подозрительная активность,security,low,40
176,Авторизация,Ошибка при входе в систему,access,critical,41
177,Проблемы с приложением,Программа не запускается,software,critical,45
178,Ошибка подключения,Ошибка сетевого подключения,network,low,46
179,Проблемы с монитором,Аппаратная ошибка,hardware,medium,43
180,Неопределенная ошибка,Ошибка без подробного описания,undefined,medium,42
181,Сломался компьютер,Устройство не включается,hardware,high,43
182,Подозрительная активность,Попытка несанкционированного доступа,security,high,40
183,Проблемы с приложением,Ошибка при выполнении,software,medium,45
184,Проблемы с доступом,Проблемы с двухфакторной аутентификацией,access,medium,41
185,Блокировка аккаунта,Проблемы с доступом к аккаунту,accounts,low,47
186,Не работает ПО,Программа не запускается,software,high,45
187,Проблемы с монитором,Оборудование не отвечает,hardware,medium,43
188,Проблемы с доступом,Не удается сбросить пароль,access,medium,41
189,Обновление системы,Необходимо обновить ПО,maintenance,critical,44
190,Неопределенная ошибка,Ошибка без подробного описания,undefined,critical,42
191,Не работает принтер,Устройство не включается,hardware,high,43
192,Авторизация,Ошибка при входе в систему,access,high,41
193,Не работает принтер,Оборудование не отвечает,hardware,medium,43
194,Проблемы с сетью,Не работает интернет,network,high,46
195,Создание нового аккаунта,Проблемы с доступом к аккаунту,accounts,low,47
196,Несанкционированный доступ,Проблемы с настройками безопасности,security,critical,40
197,Сломался компьютер,Аппаратная ошибка,hardware,high,43
198,Проверка оборудования,Требуется плановая проверка,maintenance,high,44
199,Не работает принтер,Аппаратная ошибка,hardware,high,43
200,Неопределенная ошибка,Ошибка без подробного описания,undefined,critical,42
201,Проблемы с приложением,Программа не запускается,software,critical,45
202,Нет интернета,Не работает интернет,network,high,46
203,Несанкционированный доступ,Обнаружена подозрительная активность,security,medium,40
204,Сброс пароля,Не удается сбросить пароль,access,critical,41
205,Блокировка аккаунта,Проблемы с доступом к аккаунту,accounts,medium,47
206,Нет интернета,Ошибка сетевого подключения,network,high,46
207,Обновление системы,Требуется плановая проверка,maintenance,medium,44
208,Сброс пароля,Ошибка при входе в систему,access,high,41
209,Не работает принтер,Оборудование не отвечает,hardware,medium,43
210,Неопределенная ошибка,Ошибка без подробного описания,undefined,medium,42
211,Сломался компьютер,Аппаратная ошибка,hardware,high,43
212,Авторизация,Проблемы с двухфакторной аутентификацией,access,high,41
213,Ошибка в программе,Не удается установить обновление,software,medium,45
214,Ошибка подключения,Проблемы с Wi-Fi,network,critical,46
215,Проблемы с учетной записью,Не удается создать учетную запись,accounts,critical,47
216,Проверка оборудования,Запуск диагностики,maintenance,low,44
217,Подозрительная активность,Попытка несанкционированного доступа,security,medium,40
218,Проблемы с сетью,Не работает интернет,network,high,46
219,Ошибка в программе,Программа не запускается,software,medium,45
220,Неопределенная ошибка,Ошибка без подробного описания,undefined,low,42
221,Не работает принтер,Оборудование не отвечает,hardware,high,43
222,Ошибка в программе,Ошибка при выполнении,software,low,45
223,Сломался компьютер,Устройство не включается,hardware,high,43
224,Несанкционированный доступ,Попытка несанкционированного доступа,security,low,40
225,Проверка оборудования,Запуск диагностики,maintenance,high,44
226,Нет интернета,Не работает интернет,network,high,46
227,Проблемы с монитором,Устройство не включается,hardware,high,43
228,Авторизация,Не удается сбросить пароль,access,low,41
229,Сломался компьютер,Оборудование не отвечает,hardware,high,43
230,Неопределенная ошибка,Ошибка без подробного описания,undefined,medium,42
231,Несанкционированный доступ,Обнаружена подозрительная активность,security,critical,40
232,Сброс пароля,Ошибка при входе в систему,access,critical,41
233,Проблемы с монитором,Аппаратная ошибка,hardware,critical,43
234,Проверка оборудования,Необходимо обновить ПО,maintenance,low,44
235,Блокировка аккаунта,Проблемы с доступом к аккаунту,accounts,high,47
236,Проблемы с доступом,Не удается сбросить пароль,access,high,41
237,Ошибка в программе,Ошибка при выполнении,software,medium,45
238,Несанкционированный доступ,Попытка несанкционированного доступа,security,high,40
239,Проблемы с монитором,Оборудование не отвечает,hardware,critical,43
240,Неопределенная ошибка,Ошибка без подробного описания,undefined,high,42
241,Не работает принтер,Аппаратная ошибка,hardware,critical,43
242,Ошибка подключения,Не работает интернет,network,high,46
243,Проверка оборудования,Запуск диагностики,maintenance,medium,44
244,Сброс пароля,Проблемы с двухфакторной аутентификацией,access,high,41
245,Подозрительная активность,Обнаружена подозрительная активность,security,medium,40
246,Не работает ПО,Не удается установить обновление,software,critical,45
247,Сломался компьютер,Аппаратная ошибка,hardware,high,43
248,Сброс пароля,Не удается сбросить пароль,access,low,41
249,Проблемы с приложением,Программа не запускается,software,critical,45
250,Неопределенная ошибка,Ошибка без подробного описания,undefined,low,42
251,Проблемы с монитором,Оборудование не отвечает,hardware,low,43
252,Проверка оборудования,Необходимо обновить ПО,maintenance,high,44
253,Сломался компьютер,Устройство не включается,hardware,high,43
254,Проблемы с сетью,Ошибка сетевого подключения,network,high,46
255,Блокировка аккаунта,Аккаунт заблокирован,accounts,medium,47
256,Авторизация,Проблемы с двухфакторной аутентификацией,access,critical,41
257,Не работает принтер,Оборудование не отвечает,hardware,critical,43
258,Не работает ПО,Не удается установить обновление,software,medium,45
259,Проблемы с безопасностью,Попытка несанкционированного доступа,security,critical,40
260,Неопределенная ошибка,Ошибка без подробного описания,undefined,low,42
261,Профилактика,Требуется плановая проверка,maintenance,medium,44
262,Нет интернета,Ошибка сетевого подключения,network,medium,46
263,Проблемы с монитором,Устройство не включается,hardware,high,43
264,Авторизация,Не удается сбросить пароль,access,medium,41
265,Проблемы с учетной записью,Не удается создать учетную запись,accounts,critical,47
266,Проблемы с безопасностью,Проблемы с настройками безопасности,security,critical,40
267,Ошибка в программе,Не удается установить обновление,software,critical,45
268,Проблемы с доступом,Не удается сбросить пароль,access,critical,41
269,Сломался компьютер,Устройство не включается,hardware,high,43
270,Неопределенная ошибка,Ошибка без подробного описания,undefined,critical,42
271,Проблемы с монитором,Оборудование не отвечает,hardware,low,43
272,Сброс пароля,Проблемы с двухфакторной аутентификацией,access,high,41
273,Подозрительная активность,Проблемы с настройками безопасности,security,critical,40
274,Нет интернета,Проблемы с Wi-Fi,network,high,46
275,Блокировка аккаунта,Проблемы с доступом к аккаунту,accounts,low,47
276,Сброс пароля,Проблемы с двухфакторной аутентификацией,access,low,41
277,Не работает принтер,Оборудование не отвечает,hardware,critical,43
278,Проблемы с сетью,Не работает интернет,network,high,46
279,Профилактика,Необходимо обновить ПО,maintenance,high,44
280,Неопределенная ошибка,Ошибка без подробного описания,undefined,high,42
281,Не работает принтер,Оборудование не отвечает,hardware,critical,43
282,Не работает ПО,Не удается установить обновление,software,critical,45
283,Сломался компьютер,Устройство не включается,hardware,high,43
284,Сброс пароля,Не удается сбросить пароль,access,low,41
285,Проблемы с учетной записью,Аккаунт заблокирован,accounts,critical,47
286,Нет интернета,Не работает интернет,network,high,46
287,Подозрительная активность,Попытка несанкционированного доступа,security,critical,40
288,Профилактика,Требуется плановая проверка,maintenance,critical,44
289,Проблемы с монитором,Аппаратная ошибка,hardware,critical,43
290,Неопределенная ошибка,Ошибка без подробного описания,undefined,low,42
291,Ошибка в программе,Не удается установить обновление,software,low,45
292,Сброс пароля,Не удается сбросить пароль,access,high,41
293,Не работает принтер,Устройство не включается,hardware,high,43
294,Проблемы с безопасностью,Попытка несанкционированного доступа,security,high,40
295,Создание нового аккаунта,Не удается создать учетную запись,accounts,medium,47
296,Сброс пароля,Проблемы с двухфакторной аутентификацией,access,critical,41
297,Проверка оборудования,Необходимо обновить ПО,maintenance,critical,44
298,Нет интернета,Не работает интернет,network,high,46
299,Не работает принтер,Устройство не включается,hardware,high,43
300,Неопределенная ошибка,Ошибка без подробного описания,undefined,medium,42
301,Несанкционированный доступ,Проблемы с настройками безопасности,security,critical,40
302,Нет интернета,Ошибка сетевого подключения,network,high,46
303,Ошибка в программе,Не удается установить обновление,software,high,45
304,Сброс пароля,Ошибка при входе в систему,access,critical,41
305,Блокировка аккаунта,Не удается создать учетную запись,accounts,critical,47
306,Проверка оборудования,Необходимо обновить ПО,maintenance,medium,44
307,Проблемы с монитором,Оборудование не отвечает,hardware,medium,43
308,Проблемы с безопасностью,Попытка несанкционированного доступа,security,low,40
309,Ошибка в программе,Программа не запускается,software,medium,45
310,Неопределенная ошибка,Ошибка без подробного описания,undefined,medium,42
311,Не работает принтер,Устройство не включается,hardware,high,43
312,Авторизация,Не удается сбросить пароль,access,critical,41
313,Проблемы с монитором,Аппаратная ошибка,hardware,low,43
314,Ошибка подключения,Не работает интернет,network,high,46
315,Проверка оборудования,Требуется плановая проверка,maintenance,medium,44
316,Проблемы с доступом,Не удается сбросить пароль,access,critical,41
317,Не работает принтер,Устройство не включается,hardware,high,43
318,Ошибка в программе,Не удается установить обновление,software,medium,45
319,Не работает принтер,Оборудование не отвечает,hardware,low,43
320,Неопределенная ошибка,Ошибка без подробного описания,undefined,critical,42
321,Ошибка в программе,Программа не запускается,software,low,45
322,Несанкционированный доступ,Обнаружена подозрительная активность,security,critical,40
323,Не работает принтер,Оборудование не отвечает,hardware,critical,43
324,Профилактика,Требуется плановая проверка,maintenance,medium,44
325,Создание нового аккаунта,Не удается создать учетную запись,accounts,critical,47
326,Нет интернета,Проблемы с Wi-Fi,network,critical,46
327,Проблемы с приложением,Ошибка при выполнении,software,critical,45
328,Проблемы с доступом,Ошибка при входе в систему,access,low,41
329,Проблемы с безопасностью,Попытка несанкционированного доступа,security,medium,40
330,Неопределенная ошибка,Ошибка без подробного описания,undefined,high,42
331,Сломался компьютер,Оборудование не отвечает,hardware,critical,43
332,Авторизация,Проблемы с двухфакторной аутентификацией,access,medium,41
333,Профилактика,Требуется плановая проверка,maintenance,high,44
334,Ошибка подключения,Проблемы с Wi-Fi,network,low,46
335,Проблемы с учетной записью,Аккаунт заблокирован,accounts,medium,47
336,Несанкционированный доступ,Попытка несанкционированного доступа,security,critical,40
337,Проблемы с монитором,Аппаратная ошибка,hardware,medium,43
338,Ошибка подключения,Проблемы с Wi-Fi,network,low,46
339,Проблемы с приложением,Программа не запускается,software,low,45
340,Неопределенная ошибка,Ошибка без подробного описания,undefined,high,42
341,Проблемы с монитором,Устройство не включается,hardware,high,43
342,Проверка оборудования,Требуется плановая проверка,maintenance,medium,44
343,Подозрительная активность,Попытка несанкционированного доступа,security,critical,40
344,Сброс пароля,Проблемы с двухфакторной аутентификацией,access,high,41
345,Блокировка аккаунта,Проблемы с доступом к аккаунту,accounts,high,47
346,Нет интернета,Не работает интернет,network,high,46
347,Проблемы с монитором,Устройство не включается,hardware,high,43
348,Сброс пароля,Ошибка при входе в систему,access,high,41
349,Не работает принтер,Устройство не включается,hardware,high,43
350,Неопределенная ошибка,Ошибка без подробного описания,undefined,critical,42
351,Обновление системы,Запуск диагностики,maintenance,medium,44
352,Авторизация,Ошибка при входе в систему,access,critical,41
353,Проблемы с монитором,Аппаратная ошибка,hardware,high,43
354,Ошибка в программе,Ошибка при выполнении,software,critical,45
355,Создание нового аккаунта,Аккаунт заблокирован,accounts,low,47
356,Сброс пароля,Проблемы с двухфакторной аутентификацией,access,high,41
357,Проблемы с безопасностью,Попытка несанкционированного доступа,security,low,40
358,Проблемы с сетью,Не работает интернет,network,high,46
359,Проблемы с монитором,Устройство не включается,hardware,high,43
360,Неопределенная ошибка,Ошибка без подробного описания,undefined,low,42
361,Сломался компьютер,Аппаратная ошибка,hardware,medium,43
362,Проблемы с сетью,Ошибка сетевого подключения,network,low,46
363,Проблемы с приложением,Не удается установить обновление,software,medium,45
364,Проблемы с безопасностью,Обнаружена подозрительная активность,security,high,40
365,Проблемы с учетной записью,Аккаунт заблокирован,accounts,critical,47
366,Не работает ПО,Не удается установить обновление,software,critical,45
367,Сломался компьютер,Оборудование не отвечает,hardware,high,43
368,Авторизация,Не удается сбросить пароль,access,low,41
369,Проверка оборудования,Требуется плановая проверка,maintenance,low,44
370,Неопределенная ошибка,Ошибка без подробного описания,undefined,high,42
371,Проблемы с безопасностью,Обнаружена подозрительная активность,security,critical,40
372,Сброс пароля,Проблемы с двухфакторной аутентификацией,access,medium,41
373,Сломался компьютер,Аппаратная ошибка,hardware,low,43
374,Ошибка подключения,Проблемы с Wi-Fi,network,medium,46
375,Проблемы с учетной записью,Не удается создать учетную запись,accounts,medium,47
376,Проблемы с доступом,Ошибка при входе в систему,access,low,41
377,Сломался компьютер,Устройство не включается,hardware,high,43
378,Обновление системы,Необходимо обновить ПО,maintenance,critical,44
379,Проблемы с монитором,Аппаратная ошибка,hardware,high,43
380,Неопределенная ошибка,Ошибка без подробного описания,undefined,high,42
381,Не работает ПО,Программа не запускается,software,high,45
382,Ошибка подключения,Проблемы с Wi-Fi,network,critical,46
383,Сломался компьютер,Оборудование не отвечает,hardware,high,43
384,Авторизация,Не удается сбросить пароль,access,critical,41
385,Проблемы с безопасностью,Проблемы с настройками безопасности,security,critical,40
386,Проблемы с сетью,Ошибка сетевого подключения,network,low,46
387,Профилактика,Требуется плановая проверка,maintenance,low,44
388,Авторизация,Ошибка при входе в систему,access,high,41
389,Не работает принтер,Аппаратная ошибка,hardware,critical,43
390,Неопределенная ошибка,Ошибка без подробного описания,undefined,high,42
391,Проблемы с монитором,Аппаратная ошибка,hardware,high,43
392,Подозрительная активность,Обнаружена подозрительная активность,security,low,40
393,Ошибка в программе,Не удается установить обновление,software,medium,45
394,Ошибка подключения,Ошибка сетевого подключения,network,medium,46
395,Блокировка аккаунта,Проблемы с доступом к аккаунту,accounts,high,47
396,Обновление системы,Необходимо обновить ПО,maintenance,low,44
397,Не работает принтер,Оборудование не отвечает,hardware,critical,43
398,Ошибка подключения,Ошибка сетевого подключения,network,low,46
399,Несанкционированный доступ,Обнаружена подозрительная активность,security,critical,40
400,Неопределенная ошибка,Ошибка без подробного описания,undefined,medium,42
401,Не работает принтер,Устройство не включается,hardware,high,43
402,Не работает ПО,Ошибка при выполнении,software,low,45
403,Сломался компьютер,Аппаратная ошибка,hardware,low,43
404,Проблемы с доступом,Не удается сбросить пароль,access,medium,41
405,Проверка оборудования,Требуется плановая проверка,maintenance,low,44
406,Несанкционированный доступ,Попытка несанкционированного доступа,security,low,40
407,Проблемы с монитором,Аппаратная ошибка,hardware,high,43
408,Сброс пароля,Не удается сбросить пароль,access,high,41
409,Не работает принтер,Аппаратная ошибка,hardware,high,43
410,Неопределенная ошибка,Ошибка без подробного описания,undefined,low,42
411,Проблемы с приложением,Программа не запускается,software,high,45
412,Сброс пароля,Ошибка при входе в систему,access,high,41
413,Несанкционированный доступ,Проблемы с настройками безопасности,security,critical,40
414,Проверка оборудования,Требуется плановая проверка,maintenance,high,44
415,Блокировка аккаунта,Аккаунт заблокирован,accounts,low,47
416,Проблемы с доступом,Проблемы с двухфакторной аутентификацией,access,low,41
417,Ошибка в программе,Программа не запускается,software,critical,45
418,Проблемы с сетью,Ошибка сетевого подключения,network,critical,46
419,Проблемы с монитором,Аппаратная ошибка,hardware,high,43
420,Неопределенная ошибка,Ошибка без подробного описания,undefined,high,42
421,Проблемы с монитором,Устройство не включается,hardware,high,43
422,Ошибка подключения,Проблемы с Wi-Fi,network,critical,46
423,Обновление системы,Запуск диагностики,maintenance,medium,44
424,Проблемы с доступом,Ошибка при входе в систему,access,medium,41
425,Проблемы с учетной записью,Проблемы с доступом к аккаунту,accounts,high,47
426,Не работает ПО,Программа не запускается,software,critical,45
427,Подозрительная активность,Проблемы с настройками безопасности,security,critical,40
428,Авторизация,Проблемы с двухфакторной аутентификацией,access,high,41
429,Проблемы с приложением,Ошибка при выполнении,software,low,45
430,Неопределенная ошибка,Ошибка без подробного описания,undefined,low,42
431,Сломался компьютер,Оборудование не отвечает,hardware,low,43
432,Обновление системы,Запуск диагностики,maintenance,low,44
433,Проблемы с монитором,Оборудование не отвечает,hardware,low,43
434,Проблемы с безопасностью,Обнаружена подозрительная активность,security,critical,40
435,Блокировка аккаунта,Не удается создать учетную запись,accounts,low,47
436,Авторизация,Проблемы с двухфакторной аутентификацией,access,high,41
437,Проблемы с монитором,Устройство не включается,hardware,high,43
438,Проблемы с приложением,Программа не запускается,software,low,45
439,Проблемы с монитором,Устройство не включается,hardware,high,43
440,Неопределенная ошибка,Ошибка без подробного описания,undefined,low,42
441,Проверка оборудования,Необходимо обновить ПО,maintenance,low,44
442,Ошибка подключения,Ошибка сетевого подключения,network,critical,46
443,Сломался компьютер,Устройство не включается,hardware,high,43
444,Проблемы с доступом,Проблемы с двухфакторной аутентификацией,access,medium,41
445,Проблемы с учетной записью,Не удается создать учетную запись,accounts,critical,47
446,Нет интернета,Проблемы с Wi-Fi,network,low,46
447,Проблемы с приложением,Не удается установить обновление,software,critical,45
448,Проблемы с безопасностью,Попытка несанкционированного доступа,security,critical,40
449,Сломался компьютер,Оборудование не отвечает,hardware,medium,43
450,Неопределенная ошибка,Ошибка без подробного описания,undefined,high,42
451,Проблемы с монитором,Оборудование не отвечает,hardware,medium,43
452,Сброс пароля,Проблемы с двухфакторной аутентификацией,access,medium,41
453,Проблемы с приложением,Программа не запускается,software,critical,45
454,Нет интернета,Ошибка сетевого подключения,network,critical,46
455,Несанкционированный доступ,Проблемы с настройками безопасности,security,critical,40
456,Проблемы с доступом,Ошибка при входе в систему,access,low,41
457,Сломался компьютер,Оборудование не отвечает,hardware,critical,43
458,Проблемы с сетью,Ошибка сетевого подключения,network,critical,46
459,Профилактика,Требуется плановая проверка,maintenance,low,44
460,Неопределенная ошибка,Ошибка без подробного описания,undefined,medium,42
461,Не работает принтер,Оборудование не отвечает,hardware,low,43
462,Подозрительная активность,Попытка несанкционированного доступа,security,high,40
463,Проблемы с монитором,Оборудование не отвечает,hardware,critical,43
464,Авторизация,Ошибка при входе в систему,access,high,41
465,Блокировка аккаунта,Не удается создать учетную запись,accounts,high,47
466,Ошибка подключения,Ошибка сетевого подключения,network,critical,46
467,Не работает принтер,Устройство не включается,hardware,high,43
468,Обновление системы,Требуется плановая проверка,maintenance,critical,44
469,Несанкционированный доступ,Попытка несанкционированного доступа,security,critical,40
470,Неопределенная ошибка,Ошибка без подробного описания,undefined,medium,42
471,Ошибка в программе,Не удается установить обновление,software,critical,45
472,Авторизация,Не удается сбросить пароль,access,high,41
473,Не работает принтер,Аппаратная ошибка,hardware,low,43
474,Ошибка в программе,Не удается установить обновление,software,high,45
475,Блокировка аккаунта,Проблемы с доступом к аккаунту,accounts,critical,47
476,Подозрительная активность,Попытка несанкционированного доступа,security,high,40
477,Профилактика,Требуется плановая проверка,maintenance,critical,44
478,Ошибка подключения,Не работает интернет,network,high,46
479,Сломался компьютер,Оборудование не отвечает,hardware,critical,43
480,Неопределенная ошибка,Ошибка без подробного описания,undefined,high,42
481,Не работает принтер,Оборудование не отвечает,hardware,medium,43
482,Проблемы с сетью,Ошибка сетевого подключения,network,low,46
483,Несанкционированный доступ,Попытка несанкционированного доступа,security,low,40
484,Сброс пароля,Ошибка при входе в систему,access,high,41
485,Блокировка аккаунта,Проблемы с доступом к аккаунту,accounts,low,47
486,Проверка оборудования,Запуск диагностики,maintenance,critical,44
487,Проблемы с монитором,Оборудование не отвечает,hardware,critical,43
488,Проблемы с доступом,Не удается сбросить пароль,access,low,41
489,Не работает ПО,Не удается установить обновление,software,medium,45
490,Неопределенная ошибка,Ошибка без подробного описания,undefined,high,42
491,Проблемы с монитором,Оборудование не отвечает,hardware,high,43
492,Авторизация,Проблемы с двухфакторной аутентификацией,access,critical,41
493,Сломался компьютер,Аппаратная ошибка,hardware,low,43
494,Проблемы с сетью,Ошибка сетевого подключения,network,critical,46
495,Обновление системы,Необходимо обновить ПО,maintenance,medium,44
496,Сброс пароля,Не удается сбросить пароль,access,critical,41
497,Несанкционированный доступ,Попытка несанкционированного доступа,security,medium,40
498,Ошибка в программе,Не удается установить обновление,software,critical,45
499,Сломался компьютер,Аппаратная ошибка,hardware,medium,43
500,Неопределенная ошибка,Ошибка без подробного описания,undefined,high,42
501,Проблемы с приложением,Ошибка при выполнении,software,low,45
502,Проблемы с сетью,Проблемы с Wi-Fi,network,critical,46
503,Не работает принтер,Аппаратная ошибка,hardware,low,43
504,Обновление системы,Требуется плановая проверка,maintenance,medium,44
505,Блокировка аккаунта,Не удается создать учетную запись,accounts,high,47
506,Ошибка подключения,Ошибка сетевого подключения,network,low,46
507,Ошибка в программе,Не удается установить обновление,software,medium,45
508,Сброс пароля,Проблемы с двухфакторной аутентификацией,access,high,41
509,Сломался компьютер,Устройство не включается,hardware,high,43
510,Неопределенная ошибка,Ошибка без подробного описания,undefined,low,42
511,Подозрительная активность,Проблемы с настройками безопасности,security,critical,40
512,Сброс пароля,Ошибка при входе в систему,access,low,41
513,Профилактика,Запуск диагностики,maintenance,low,44
514,Ошибка подключения,Ошибка сетевого подключения,network,low,46
515,Проблемы с учетной записью,Аккаунт заблокирован,accounts,low,47
516,Сброс пароля,Ошибка при входе в систему,access,medium,41
517,Не работает принтер,Аппаратная ошибка,hardware,critical,43
518,Несанкционированный доступ,Попытка несанкционированного доступа,security,medium,40
519,Ошибка в программе,Ошибка при выполнении,software,high,45
520,Неопределенная ошибка,Ошибка без подробного описания,undefined,critical,42
521,Сломался компьютер,Устройство не включается,hardware,high,43
522,Проверка оборудования,Требуется плановая проверка,maintenance,high,44
523,Проблемы с монитором,Устройство не включается,hardware,high,43
524,Проблемы с доступом,Не удается сбросить пароль,access,high,41
525,Несанкционированный доступ,Обнаружена подозрительная активность,security,low,40
526,Проблемы с сетью,Проблемы с Wi-Fi,network,low,46
527,Не работает принтер,Аппаратная ошибка,hardware,critical,43
528,Сброс пароля,Ошибка при входе в систему,access,critical,41
529,Проблемы с монитором,Устройство не включается,hardware,high,43
530,Неопределенная ошибка,Ошибка без подробного описания,undefined,medium,42
531,Профилактика,Запуск диагностики,maintenance,medium,44
532,Подозрительная активность,Обнаружена подозрительная активность,security,medium,40
533,Сломался компьютер,Аппаратная ошибка,hardware,medium,43
534,Ошибка в программе,Программа не запускается,software,low,45
535,Блокировка аккаунта,Не удается создать учетную запись,accounts,critical,47
536,Сброс пароля,Проблемы с двухфакторной аутентификацией,access,low,41
537,Не работает ПО,Не удается установить обновление,software,high,45
538,Ошибка подключения,Проблемы с Wi-Fi,network,low,46
539,Несанкционированный доступ,Проблемы с настройками безопасности,security,critical,40
540,Неопределенная ошибка,Ошибка без подробного описания,undefined,critical,42
541,Сломался компьютер,Оборудование не отвечает,hardware,critical,43
542,Ошибка подключения,Не работает интернет,network,high,46
543,Ошибка в программе,Ошибка при выполнении,software,low,45
544,Авторизация,Не удается сбросить пароль,access,high,41
545,Создание нового аккаунта,Проблемы с доступом к аккаунту,accounts,medium,47
546,Подозрительная активность,Обнаружена подозрительная активность,security,low,40
547,Сломался компьютер,Устройство не включается,hardware,high,43
548,Проблемы с доступом,Ошибка при входе в систему,access,critical,41
549,Обновление системы,Запуск диагностики,maintenance,high,44
550,Неопределенная ошибка,Ошибка без подробного описания,undefined,medium,42
551,Сломался компьютер,Оборудование не отвечает,hardware,critical,43
552,Сброс пароля,Ошибка при входе в систему,access,high,41
553,Несанкционированный доступ,Проблемы с настройками безопасности,security,critical,40
554,Ошибка подключения,Ошибка сетевого подключения,network,low,46
555,Проблемы с учетной записью,Аккаунт заблокирован,accounts,medium,47
556,Авторизация,Не удается сбросить пароль,access,low,41
557,Не работает принтер,Аппаратная ошибка,hardware,critical,43
558,Профилактика,Требуется плановая проверка,maintenance,high,44
559,Сломался компьютер,Устройство не включается,hardware,high,43
560,Неопределенная ошибка,Ошибка без подробного описания,undefined,high,42
561,Ошибка в программе,Программа не запускается,software,low,45
562,Нет интернета,Не работает интернет,network,high,46
563,Сломался компьютер,Оборудование не отвечает,hardware,low,43
564,Авторизация,Ошибка при входе в систему,access,medium,41
565,Блокировка аккаунта,Аккаунт заблокирован,accounts,high,47
566,Ошибка подключения,Не работает интернет,network,high,46
567,Обновление системы,Запуск диагностики,maintenance,critical,44
568,Проблемы с доступом,Проблемы с двухфакторной аутентификацией,access,medium,41
569,Сломался компьютер,Аппаратная ошибка,hardware,high,43
570,Неопределенная ошибка,Ошибка без подробного описания,undefined,medium,42
571,Проблемы с монитором,Оборудование не отвечает,hardware,medium,43
572,Проблемы с доступом,Проблемы с двухфакторной аутентификацией,access,medium,41
573,Ошибка в программе,Не удается установить обновление,software,critical,45
574,Несанкционированный доступ,Обнаружена подозрительная активность,security,high,40
575,Блокировка аккаунта,Аккаунт заблокирован,accounts,medium,47
576,Проверка оборудования,Требуется плановая проверка,maintenance,medium,44
577,Не работает принтер,Устройство не включается,hardware,high,43
578,Ошибка подключения,Ошибка сетевого подключения,network,medium,46
579,Проблемы с приложением,Ошибка при выполнении,software,low,45
580,Неопределенная ошибка,Ошибка без подробного описания,undefined,high,42
581,Подозрительная активность,Попытка несанкционированного доступа,security,medium,40
582,Не работает ПО,Ошибка при выполнении,software,medium,45
583,Сломался компьютер,Оборудование не отвечает,hardware,high,43
584,Авторизация,Проблемы с двухфакторной аутентификацией,access,critical,41
585,Проверка оборудования,Требуется плановая проверка,maintenance,medium,44
586,Проблемы с сетью,Не работает интернет,network,high,46
587,Не работает принтер,Оборудование не отвечает,hardware,low,43
588,Несанкционированный доступ,Попытка несанкционированного доступа,security,low,40
589,Сломался компьютер,Оборудование не отвечает,hardware,high,43
590,Неопределенная ошибка,Ошибка без подробного описания,undefined,medium,42
591,Ошибка в программе,Ошибка при выполнении,software,high,45
592,Сброс пароля,Проблемы с двухфакторной аутентификацией,access,low,41
593,Не работает принтер,Аппаратная ошибка,hardware,low,43
594,Профилактика,Необходимо обновить ПО,maintenance,medium,44
595,Подозрительная активность,Обнаружена подозрительная активность,security,medium,40
596,Проблемы с доступом,Ошибка при входе в систему,access,critical,41
597,Не работает ПО,Ошибка при выполнении,software,low,45
598,Проблемы с сетью,Проблемы с Wi-Fi,network,low,46
599,Сломался компьютер,Устройство не включается,hardware,high,43
600,Неопределенная ошибка,Ошибка без подробного описания,undefined,high,42
601,Не работает принтер,Оборудование не отвечает,hardware,critical,43
602,Несанкционированный доступ,Обнаружена подозрительная активность,security,high,40
603,Профилактика,Требуется плановая проверка,maintenance,high,44
604,Сброс пароля,Проблемы с двухфакторной аутентификацией,access,critical,41
605,Блокировка аккаунта,Аккаунт заблокирован,accounts,high,47
606,Проблемы с приложением,Ошибка при выполнении,software,medium,45
607,Не работает принтер,Устройство не включается,hardware,high,43
608,Сброс пароля,Ошибка при входе в систему,access,low,41
609,Несанкционированный доступ,Проблемы с настройками безопасности,security,critical,40
610,Неопределенная ошибка,Ошибка без подробного описания,undefined,medium,42
611,Сломался компьютер,Аппаратная ошибка,hardware,high,43
612,Обновление системы,Запуск диагностики,maintenance,high,44
613,Сломался компьютер,Аппаратная ошибка,hardware,high,43
614,Нет интернета,Проблемы с Wi-Fi,network,critical,46
615,Создание нового аккаунта,Проблемы с доступом к аккаунту,accounts,medium,47
616,Проблемы с безопасностью,Обнаружена подозрительная активность,security,medium,40
617,Сломался компьютер,Устройство не включается,hardware,high,43
618,Проблемы с приложением,Программа не запускается,software,critical,45
619,Не работает принтер,Устройство не включается,hardware,high,43
620,Неопределенная ошибка,Ошибка без подробного описания,undefined,low,42
621,Профилактика,Требуется плановая проверка,maintenance,low,44
622,Проблемы с сетью,Ошибка сетевого подключения,network,low,46
623,Проблемы с безопасностью,Обнаружена подозрительная активность,security,medium,40
624,Авторизация,Проблемы с двухфакторной аутентификацией,access,critical,41
625,Проблемы с учетной записью,Не удается создать учетную запись,accounts,critical,47
626,Ошибка подключения,Ошибка сетевого подключения,network,critical,46
627,Проблемы с приложением,Программа не запускается,software,medium,45
628,Сброс пароля,Не удается сбросить пароль,access,medium,41
629,Проблемы с монитором,Устройство не включается,hardware,high,43
630,Неопределенная ошибка,Ошибка без подробного описания,undefined,critical,42
631,Сломался компьютер,Устройство не включается,hardware,high,43
632,Проблемы с доступом,Ошибка при входе в систему,access,high,41
633,Проблемы с приложением,Ошибка при выполнении,software,high,45
634,Проблемы с сетью,Проблемы с Wi-Fi,network,high,46
635,Создание нового аккаунта,Аккаунт заблокирован,accounts,medium,47
636,Сброс пароля,Проблемы с двухфакторной аутентификацией,access,critical,41
637,Подозрительная активность,Обнаружена подозрительная активность,security,high,40
638,Нет интернета,Проблемы с Wi-Fi,network,high,46
639,Профилактика,Требуется плановая проверка,maintenance,low,44
640,Неопределенная ошибка,Ошибка без подробного описания,undefined,medium,42
641,Сломался компьютер,Аппаратная ошибка,hardware,high,43
642,Ошибка в программе,Программа не запускается,software,high,45
643,Не работает принтер,Аппаратная ошибка,hardware,high,43
644,Проблемы с безопасностью,Обнаружена подозрительная активность,security,high,40
645,Блокировка аккаунта,Аккаунт заблокирован,accounts,high,47
646,Ошибка подключения,Проблемы с Wi-Fi,network,medium,46
647,Не работает принтер,Аппаратная ошибка,hardware,high,43
648,Проверка оборудования,Требуется плановая проверка,maintenance,low,44
649,Не работает принтер,Оборудование не отвечает,hardware,critical,43
650,Неопределенная ошибка,Ошибка без подробного описания,undefined,low,42
651,Подозрительная активность,Попытка несанкционированного доступа,security,medium,40
652,Сброс пароля,Проблемы с двухфакторной аутентификацией,access,high,41
653,Не работает принтер,Оборудование не отвечает,hardware,critical,43
654,Ошибка в программе,Не удается установить обновление,software,high,45
655,Проблемы с учетной записью,Аккаунт заблокирован,accounts,low,47
656,Проблемы с доступом,Не удается сбросить пароль,access,critical,41
657,Профилактика,Запуск диагностики,maintenance,medium,44
658,Проблемы с безопасностью,Попытка несанкционированного доступа,security,medium,40
659,Сломался компьютер,Оборудование не отвечает,hardware,critical,43
660,Неопределенная ошибка,Ошибка без подробного описания,undefined,low,42
661,Сломался компьютер,Аппаратная ошибка,hardware,critical,43
662,Нет интернета,Проблемы с Wi-Fi,network,low,46
663,Проблемы с приложением,Ошибка при выполнении,software,critical,45
664,Авторизация,Проблемы с двухфакторной аутентификацией,access,high,41
665,Проблемы с безопасностью,Обнаружена подозрительная активность,security,critical,40
666,Обновление системы,Запуск диагностики,maintenance,high,44
667,Не работает принтер,Аппаратная ошибка,hardware,low,43
668,Авторизация,Ошибка при входе в систему,access,high,41
669,Не работает ПО,Программа не запускается,software,critical,45
670,Неопределенная ошибка,Ошибка без подробного описания,undefined,critical,42
671,Проблемы с монитором,Оборудование не отвечает,hardware,critical,43
672,Проблемы с безопасностью,Проблемы с настройками безопасности,security,critical,40
673,Проблемы с монитором,Аппаратная ошибка,hardware,low,43
674,Проблемы с сетью,Ошибка сетевого подключения,network,low,46
675,Профилактика,Необходимо обновить ПО,maintenance,critical,44
676,Авторизация,Не удается сбросить пароль,access,low,41
677,Проблемы с монитором,Устройство не включается,hardware,high,43
678,Ошибка в программе,Ошибка при выполнении,software,low,45
679,Несанкционированный доступ,Проблемы с настройками безопасности,security,critical,40
680,Неопределенная ошибка,Ошибка без подробного описания,undefined,medium,42
681,Не работает ПО,Ошибка при выполнении,software,high,45
682,Проблемы с сетью,Ошибка сетевого подключения,network,low,46
683,Проблемы с монитором,Оборудование не отвечает,hardware,high,43
684,Проверка оборудования,Требуется плановая проверка,maintenance,medium,44
685,Проблемы с учетной записью,Аккаунт заблокирован,accounts,low,47
686,Несанкционированный доступ,Попытка несанкционированного доступа,security,medium,40
687,Не работает ПО,Не удается установить обновление,software,medium,45
688,Сброс пароля,Ошибка при входе в систему,access,high,41
689,Проблемы с монитором,Оборудование не отвечает,hardware,high,43
690,Неопределенная ошибка,Ошибка без подробного описания,undefined,medium,42
691,Сломался компьютер,Аппаратная ошибка,hardware,medium,43
692,Проблемы с доступом,Проблемы с двухфакторной аутентификацией,access,high,41
693,Проверка оборудования,Необходимо обновить ПО,maintenance,medium,44
694,Ошибка подключения,Проблемы с Wi-Fi,network,high,46
695,Блокировка аккаунта,Аккаунт заблокирован,accounts,high,47
696,Проблемы с доступом,Не удается сбросить пароль,access,critical,41
697,Сломался компьютер,Оборудование не отвечает,hardware,high,43
698,Ошибка подключения,Ошибка сетевого подключения,network,low,46
699,Не работает ПО,Программа не запускается,software,medium,45
700,Неопределенная ошибка,Ошибка без подробного описания,undefined,high,42
701,Проблемы с монитором,Устройство не включается,hardware,high,43
702,Проверка оборудования,Запуск диагностики,maintenance,medium,44
703,Не работает принтер,Аппаратная ошибка,hardware,critical,43
704,Авторизация,Не удается сбросить пароль,access,low,41
705,Создание нового аккаунта,Аккаунт заблокирован,accounts,high,47
706,Проблемы с сетью,Не работает интернет,network,high,46
707,Несанкционированный доступ,Проблемы с настройками безопасности,security,critical,40
708,Проблемы с доступом,Ошибка при входе в систему,access,medium,41
709,Проблемы с монитором,Оборудование не отвечает,hardware,critical,43
710,Неопределенная ошибка,Ошибка без подробного описания,undefined,medium,42
711,Проверка оборудования,Требуется плановая проверка,maintenance,medium,44
712,Сброс пароля,Проблемы с двухфакторной аутентификацией,access,medium,41
713,Не работает принтер,Аппаратная ошибка,hardware,critical,43
714,Подозрительная активность,Обнаружена подозрительная активность,security,medium,40
715,Проблемы с учетной записью,Аккаунт заблокирован,accounts,critical,47
716,Сброс пароля,Не удается сбросить пароль,access,critical,41
717,Не работает ПО,Ошибка при выполнении,software,high,45
718,Проблемы с сетью,Ошибка сетевого подключения,network,medium,46
719,Проблемы с монитором,Аппаратная ошибка,hardware,high,43
720,Неопределенная ошибка,Ошибка без подробного описания,undefined,medium,42
721,Несанкционированный доступ,Обнаружена подозрительная активность,security,high,40
722,Проблемы с сетью,Ошибка сетевого подключения,network,critical,46
723,Ошибка в программе,Не удается установить обновление,software,medium,45
724,Проблемы с доступом,Ошибка при входе в систему,access,critical,41
725,Блокировка аккаунта,Проблемы с доступом к аккаунту,accounts,high,47
726,Ошибка в программе,Не удается установить обновление,software,critical,45
727,Проблемы с монитором,Аппаратная ошибка,hardware,low,43
728,Подозрительная активность,Обнаружена подозрительная активность,security,high,40
729,Проверка оборудования,Необходимо обновить ПО,maintenance,medium,44
730,Неопределенная ошибка,Ошибка без подробного описания,undefined,high,42
731,Сломался компьютер,Оборудование не отвечает,hardware,high,43
732,Проблемы с доступом,Не удается сбросить пароль,access,low,41
733,Не работает принтер,Устройство не включается,hardware,high,43
734,Ошибка подключения,Не работает интернет,network,high,46
735,Проблемы с безопасностью,Проблемы с настройками безопасности,security,critical,40
736,Авторизация,Проблемы с двухфакторной аутентификацией,access,low,41
737,Не работает принтер,Оборудование не отвечает,hardware,medium,43
738,Профилактика,Запуск диагностики,maintenance,medium,44
739,Проблемы с монитором,Устройство не включается,hardware,high,43
740,Неопределенная ошибка,Ошибка без подробного описания,undefined,medium,42
741,Проблемы с приложением,Программа не запускается,software,critical,45
742,Несанкционированный доступ,Попытка несанкционированного доступа,security,high,40
743,Не работает принтер,Оборудование не отвечает,hardware,medium,43
744,Сброс пароля,Не удается сбросить пароль,access,medium,41
745,Проблемы с учетной записью,Не удается создать учетную запись,accounts,low,47
746,Ошибка подключения,Ошибка сетевого подключения,network,low,46
747,Проверка оборудования,Запуск диагностики,maintenance,low,44
748,Авторизация,Ошибка при входе в систему,access,high,41
749,Несанкционированный доступ,Проблемы с настройками безопасности,security,critical,40
750,Неопределенная ошибка,Ошибка без подробного описания,undefined,medium,42
751,Сломался компьютер,Аппаратная ошибка,hardware,low,43
752,Проблемы с доступом,Ошибка при входе в систему,access,low,41
753,Не работает ПО,Ошибка при выполнении,software,critical,45
754,Ошибка подключения,Ошибка сетевого подключения,network,critical,46
755,Блокировка аккаунта,Проблемы с доступом к аккаунту,accounts,critical,47
756,Обновление системы,Необходимо обновить ПО,maintenance,medium,44
757,Не работает принтер,Устройство не включается,hardware,high,43
758,Ошибка подключения,Проблемы с Wi-Fi,network,medium,46
759,Проблемы с приложением,Ошибка при выполнении,software,medium,45
760,Неопределенная ошибка,Ошибка без подробного описания,undefined,medium,42
761,Не работает принтер,Аппаратная ошибка,hardware,low,43
762,Проблемы с приложением,Ошибка при выполнении,software,medium,45
763,Несанкционированный доступ,Попытка несанкционированного доступа,security,low,40
764,Авторизация,Проблемы с двухфакторной аутентификацией,access,high,41
765,Проверка оборудования,Запуск диагностики,maintenance,low,44
766,Нет интернета,Не работает интернет,network,high,46
767,Проблемы с монитором,Устройство не включается,hardware,high,43
768,Проблемы с доступом,Ошибка при входе в систему,access,high,41
769,Проблемы с монитором,Оборудование не отвечает,hardware,low,43
770,Неопределенная ошибка,Ошибка без подробного описания,undefined,critical,42
771,Не работает ПО,Ошибка при выполнении,software,critical,45
772,Сброс пароля,Проблемы с двухфакторной аутентификацией,access,high,41
773,Сломался компьютер,Оборудование не отвечает,hardware,medium,43
774,Обновление системы,Запуск диагностики,maintenance,low,44
775,Блокировка аккаунта,Проблемы с доступом к аккаунту,accounts,medium,47
776,Проблемы с доступом,Проблемы с двухфакторной аутентификацией,access,high,41
777,Несанкционированный доступ,Попытка несанкционированного доступа,security,low,40
778,Ошибка подключения,Не работает интернет,network,high,46
779,Сломался компьютер,Оборудование не отвечает,hardware,high,43
780,Неопределенная ошибка,Ошибка без подробного описания,undefined,critical,42
781,Не работает принтер,Устройство не включается,hardware,high,43
782,Нет интернета,Проблемы с Wi-Fi,network,high,46
783,Профилактика,Запуск диагностики,maintenance,high,44
784,Подозрительная активность,Проблемы с настройками безопасности,security,critical,40
785,Блокировка аккаунта,Не удается создать учетную запись,accounts,low,47
786,Проблемы с приложением,Программа не запускается,software,medium,45
787,Проблемы с монитором,Аппаратная ошибка,hardware,medium,43
788,Проблемы с доступом,Ошибка при входе в систему,access,medium,41
789,Ошибка в программе,Ошибка при выполнении,software,low,45
790,Неопределенная ошибка,Ошибка без подробного описания,undefined,medium,42
791,Подозрительная активность,Попытка несанкционированного доступа,security,low,40
792,Профилактика,Запуск диагностики,maintenance,low,44
793,Сломался компьютер,Аппаратная ошибка,hardware,critical,43
794,Ошибка подключения,Не работает интернет,network,high,46
795,Создание нового аккаунта,Не удается создать учетную запись,accounts,low,47
796,Сброс пароля,Ошибка при входе в систему,access,critical,41
797,Проблемы с монитором,Оборудование не отвечает,hardware,low,43
798,Проблемы с безопасностью,Попытка несанкционированного доступа,security,medium,40
799,Сломался компьютер,Оборудование не отвечает,hardware,medium,43
800,Неопределенная ошибка,Ошибка без подробного описания,undefined,high,42
801,Обновление системы,Запуск диагностики,maintenance,medium,44
802,Проблемы с сетью,Проблемы с Wi-Fi,network,medium,46
803,Проблемы с монитором,Оборудование не отвечает,hardware,low,43
804,Сброс пароля,Ошибка при входе в систему,access,medium,41
805,Проблемы с безопасностью,Проблемы с настройками безопасности,security,critical,40
806,Проблемы с сетью,Проблемы с Wi-Fi,network,critical,46
807,Ошибка в программе,Ошибка при выполнении,software,low,45
808,Авторизация,Не удается сбросить пароль,access,critical,41
809,Сломался компьютер,Устройство не включается,hardware,high,43
810,Неопределенная ошибка,Ошибка без подробного описания,undefined,critical,42
811,Проблемы с монитором,Аппаратная ошибка,hardware,critical,43
812,Несанкционированный доступ,Обнаружена подозрительная активность,security,high,40
813,Проблемы с приложением,Программа не запускается,software,medium,45
814,Нет интернета,Не работает интернет,network,high,46
815,Создание нового аккаунта,Проблемы с доступом к аккаунту,accounts,high,47
816,Сброс пароля,Не удается сбросить пароль,access,high,41
817,Сломался компьютер,Аппаратная ошибка,hardware,high,43
818,Нет интернета,Не работает интернет,network,high,46
819,Обновление системы,Запуск диагностики,maintenance,low,44
820,Неопределенная ошибка,Ошибка без подробного описания,undefined,low,42
821,Проблемы с монитором,Оборудование не отвечает,hardware,high,43
822,Ошибка в программе,Не удается установить обновление,software,critical,45
823,Проблемы с монитором,Оборудование не отвечает,hardware,high,43
824,Авторизация,Ошибка при входе в систему,access,high,41
825,Блокировка аккаунта,Не удается создать учетную запись,accounts,low,47
826,Несанкционированный доступ,Проблемы с настройками безопасности,security,critical,40
827,Проблемы с монитором,Устройство не включается,hardware,high,43
828,Обновление системы,Требуется плановая проверка,maintenance,low,44
829,Не работает принтер,Оборудование не отвечает,hardware,medium,43
830,Неопределенная ошибка,Ошибка без подробного описания,undefined,critical,42
831,Проблемы с приложением,Не удается установить обновление,software,medium,45
832,Сброс пароля,Не удается сбросить пароль,access,critical,41
833,Несанкционированный доступ,Проблемы с настройками безопасности,security,critical,40
834,Не работает ПО,Ошибка при выполнении,software,critical,45
835,Блокировка аккаунта,Аккаунт заблокирован,accounts,critical,47
836,Проблемы с доступом,Ошибка при входе в систему,access,high,41
837,Обновление системы,Необходимо обновить ПО,maintenance,medium,44
838,Ошибка подключения,Не работает интернет,network,high,46
839,Сломался компьютер,Устройство не включается,hardware,high,43
840,Неопределенная ошибка,Ошибка без подробного описания,undefined,high,42
841,Проблемы с монитором,Аппаратная ошибка,hardware,critical,43
842,Проблемы с сетью,Проблемы с Wi-Fi,network,high,46
843,Не работает ПО,Ошибка при выполнении,software,high,45
844,Авторизация,Не удается сбросить пароль,access,critical,41
845,Блокировка аккаунта,Не удается создать учетную запись,accounts,medium,47
846,Профилактика,Необходимо обновить ПО,maintenance,high,44
847,Подозрительная активность,Попытка несанкционированного доступа,security,high,40
848,Сброс пароля,Ошибка при входе в систему,access,high,41
849,Не работает ПО,Ошибка при выполнении,software,low,45
850,Неопределенная ошибка,Ошибка без подробного описания,undefined,low,42
851,Сломался компьютер,Оборудование не отвечает,hardware,critical,43
852,Сброс пароля,Ошибка при входе в систему,access,medium,41
853,Не работает принтер,Устройство не включается,hardware,high,43
854,Несанкционированный доступ,Попытка несанкционированного доступа,security,low,40
855,Проверка оборудования,Требуется плановая проверка,maintenance,high,44
856,Проблемы с доступом,Не удается сбросить пароль,access,medium,41
857,Не работает принтер,Устройство не включается,hardware,high,43
858,Проблемы с приложением,Ошибка при выполнении,software,high,45
859,Не работает принтер,Аппаратная ошибка,hardware,low,43
860,Неопределенная ошибка,Ошибка без подробного описания,undefined,high,42
861,Подозрительная активность,Обнаружена подозрительная активность,security,high,40
862,Проблемы с сетью,Не работает интернет,network,high,46
863,Не работает принтер,Аппаратная ошибка,hardware,high,43
864,Обновление системы,Требуется плановая проверка,maintenance,high,44
865,Блокировка аккаунта,Аккаунт заблокирован,accounts,low,47
866,Нет интернета,Проблемы с Wi-Fi,network,critical,46
867,Проблемы с приложением,Ошибка при выполнении,software,medium,45
868,Проблемы с безопасностью,Попытка несанкционированного доступа,security,critical,40
869,Проблемы с монитором,Аппаратная ошибка,hardware,medium,43
870,Неопределенная ошибка,Ошибка без подробного описания,undefined,critical,42
871,Не работает принтер,Аппаратная ошибка,hardware,medium,43
872,Авторизация,Проблемы с двухфакторной аутентификацией,access,medium,41
873,Обновление системы,Необходимо обновить ПО,maintenance,medium,44
874,Нет интернета,Ошибка сетевого подключения,network,medium,46
875,Несанкционированный доступ,Обнаружена подозрительная активность,security,medium,40
876,Проблемы с доступом,Не удается сбросить пароль,access,high,41
877,Проблемы с монитором,Аппаратная ошибка,hardware,medium,43
878,Проблемы с сетью,Проблемы с Wi-Fi,network,high,46
879,Не работает ПО,Не удается установить обновление,software,low,45
880,Неопределенная ошибка,Ошибка без подробного описания,undefined,critical,42
881,Проблемы с монитором,Оборудование не отвечает,hardware,low,43
882,Профилактика,Требуется плановая проверка,maintenance,high,44
883,Не работает принтер,Аппаратная ошибка,hardware,high,43
884,Авторизация,Проблемы с двухфакторной аутентификацией,access,critical,41
885,Проблемы с учетной записью,Аккаунт заблокирован,accounts,medium,47
886,Нет интернета,Проблемы с Wi-Fi,network,low,46
887,Не работает принтер,Устройство не включается,hardware,high,43
888,Проблемы с доступом,Ошибка при входе в систему,access,critical,41
889,Подозрительная активность,Обнаружена подозрительная активность,security,critical,40
890,Неопределенная ошибка,Ошибка без подробного описания,undefined,medium,42
891,Обновление системы,Необходимо обновить ПО,maintenance,medium,44
892,Сброс пароля,Не удается сбросить пароль,access,critical,41
893,Проблемы с монитором,Устройство не включается,hardware,high,43
894,Проблемы с приложением,Программа не запускается,software,high,45
895,Проблемы с учетной записью,Не удается создать учетную запись,accounts,high,47
896,Подозрительная активность,Обнаружена подозрительная активность,security,critical,40
897,Проблемы с приложением,Программа не запускается,software,medium,45
898,Ошибка подключения,Ошибка сетевого подключения,network,low,46
899,Сломался компьютер,Оборудование не отвечает,hardware,high,43
900,Неопределенная ошибка,Ошибка без подробного описания,undefined,critical,42
901,Не работает принтер,Аппаратная ошибка,hardware,high,43
902,Ошибка подключения,Ошибка сетевого подключения,network,critical,46
903,Подозрительная активность,Проблемы с настройками безопасности,security,critical,40
904,Авторизация,Не удается сбросить пароль,access,low,41
905,Создание нового аккаунта,Проблемы с доступом к аккаунту,accounts,low,47
906,Не работает ПО,Программа не запускается,software,medium,45
907,Проблемы с монитором,Устройство не включается,hardware,high,43
908,Проблемы с доступом,Не удается сбросить пароль,access,high,41
909,Обновление системы,Необходимо обновить ПО,maintenance,low,44
910,Неопределенная ошибка,Ошибка без подробного описания,undefined,low,42
911,Сломался компьютер,Оборудование не отвечает,hardware,medium,43
912,Авторизация,Проблемы с двухфакторной аутентификацией,access,medium,41
913,Не работает принтер,Оборудование не отвечает,hardware,low,43
914,Проблемы с сетью,Не работает интернет,network,high,46
915,Создание нового аккаунта,Аккаунт заблокирован,accounts,high,47
916,Авторизация,Проблемы с двухфакторной аутентификацией,access,high,41
917,Несанкционированный доступ,Проблемы с настройками безопасности,security,critical,40
918,Профилактика,Запуск диагностики,maintenance,low,44
919,Не работает принтер,Устройство не включается,hardware,high,43
920,Неопределенная ошибка,Ошибка без подробного описания,undefined,medium,42
921,Проблемы с приложением,Ошибка при выполнении,software,critical,45
922,Проблемы с сетью,Не работает интернет,network,high,46
923,Проблемы с монитором,Оборудование не отвечает,hardware,high,43
924,Несанкционированный доступ,Проблемы с настройками безопасности,security,critical,40
925,Блокировка аккаунта,Не удается создать учетную запись,accounts,high,47
926,Ошибка подключения,Проблемы с Wi-Fi,network,low,46
927,Профилактика,Необходимо обновить ПО,maintenance,high,44
928,Сброс пароля,Не удается сбросить пароль,access,critical,41
929,Проблемы с монитором,Оборудование не отвечает,hardware,high,43
930,Неопределенная ошибка,Ошибка без подробного описания,undefined,high,42
931,Проблемы с безопасностью,Обнаружена подозрительная активность,security,low,40
932,Авторизация,Не удается сбросить пароль,access,critical,41
933,Не работает ПО,Не удается установить обновление,software,high,45
934,Проблемы с сетью,Проблемы с Wi-Fi,network,medium,46
935,Проблемы с учетной записью,Аккаунт заблокирован,accounts,high,47
936,Обновление системы,Необходимо обновить ПО,maintenance,low,44
937,Проблемы с монитором,Устройство не включается,hardware,high,43
938,Несанкционированный доступ,Обнаружена подозрительная активность,security,low,40
939,Проблемы с приложением,Программа не запускается,software,critical,45
940,Неопределенная ошибка,Ошибка без подробного описания,undefined,critical,42
941,Сломался компьютер,Оборудование не отвечает,hardware,medium,43
942,Проблемы с приложением,Ошибка при выполнении,software,high,45
943,Сломался компьютер,Устройство не включается,hardware,high,43
944,Проблемы с доступом,Ошибка при входе в систему,access,critical,41
945,Проверка оборудования,Требуется плановая проверка,maintenance,medium,44
946,Ошибка подключения,Не работает интернет,network,high,46
947,Сломался компьютер,Аппаратная ошибка,hardware,low,43
948,Проблемы с доступом,Ошибка при входе в систему,access,high,41
949,Не работает принтер,Аппаратная ошибка,hardware,medium,43
950,Неопределенная ошибка,Ошибка без подробного описания,undefined,low,42
951,Не работает ПО,Не удается установить обновление,software,critical,45
952,Несанкционированный доступ,Проблемы с настройками безопасности,security,critical,40
953,Не работает принтер,Оборудование не отвечает,hardware,critical,43
954,Проверка оборудования,Требуется плановая проверка,maintenance,low,44
955,Проблемы с учетной записью,Проблемы с доступом к аккаунту,accounts,critical,47
956,Авторизация,Не удается сбросить пароль,access,low,41
957,Ошибка в программе,Ошибка при выполнении,software,high,45
958,Ошибка подключения,Не работает интернет,network,high,46
959,Несанкционированный доступ,Проблемы с настройками безопасности,security,critical,40
960,Неопределенная ошибка,Ошибка без подробного описания,undefined,low,42
961,Сломался компьютер,Оборудование не отвечает,hardware,medium,43
962,Ошибка подключения,Проблемы с Wi-Fi,network,critical,46
963,Обновление системы,Запуск диагностики,maintenance,low,44
964,Проблемы с доступом,Ошибка при входе в систему,access,medium,41
965,Создание нового аккаунта,Аккаунт заблокирован,accounts,critical,47
966,Проблемы с безопасностью,Обнаружена подозрительная активность,security,medium,40
967,Сломался компьютер,Оборудование не отвечает,hardware,medium,43
968,Авторизация,Проблемы с двухфакторной аутентификацией,access,high,41
969,Не работает ПО,Ошибка при выполнении,software,critical,45
970,Неопределенная ошибка,Ошибка без подробного описания,undefined,critical,42
971,Проблемы с монитором,Оборудование не отвечает,hardware,critical,43
972,Проверка оборудования,Необходимо обновить ПО,maintenance,high,44
973,Подозрительная активность,Попытка несанкционированного доступа,security,low,40
974,Проблемы с сетью,Ошибка сетевого подключения,network,medium,46
975,Блокировка аккаунта,Не удается создать учетную запись,accounts,high,47
976,Сброс пароля,Не удается сбросить пароль,access,medium,41
977,Не работает принтер,Оборудование не отвечает,hardware,medium,43
978,Не работает ПО,Ошибка при выполнении,software,critical,45
979,Не работает принтер,Оборудование не отвечает,hardware,low,43
980,Неопределенная ошибка,Ошибка без подробного описания,undefined,medium,42
981,Обновление системы,Требуется плановая проверка,maintenance,high,44
982,Нет интернета,Ошибка сетевого подключения,network,medium,46
983,Не работает принтер,Устройство не включается,hardware,high,43
984,Авторизация,Не удается сбросить пароль,access,high,41
985,Создание нового аккаунта,Аккаунт заблокирован,accounts,critical,47
986,Проблемы с сетью,Проблемы с Wi-Fi,network,high,46
987,Несанкционированный доступ,Проблемы с настройками безопасности,security,critical,40
988,Сброс пароля,Не удается сбросить пароль,access,medium,41
989,Проблемы с монитором,Устройство не включается,hardware,high,43
990,Неопределенная ошибка,Ошибка без подробного описания,undefined,critical,42
991,Сломался компьютер,Оборудование не отвечает,hardware,low,43
992,Сброс пароля,Ошибка при входе в систему,access,medium,41
993,Ошибка в программе,Не удается установить обновление,software,medium,45
994,Проблемы с безопасностью,Обнаружена подозрительная активность,security,high,40
995,Блокировка аккаунта,Не удается создать учетную запись,accounts,medium,47
996,Проблемы с доступом,Проблемы с двухфакторной аутентификацией,access,critical,41
997,Сломался компьютер,Оборудование не отвечает,hardware,medium,43
998,Проблемы с сетью,Ошибка сетевого подключения,network,low,46
999,Профилактика,Запуск диагностики,maintenance,critical,44
1000,Неопределенная ошибка,Ошибка без подробного описания,undefined,critical,42
